{"cameraMode":{"drawMode":0,"name":"Shaded","section":"Shading Mode"},"sceneLighting":true,"audioPlay":false,"sceneViewState":{"m_AlwaysRefresh":false,"showFog":true,"showSkybox":true,"showFlares":true,"showImageEffects":true,"showParticleSystems":true,"showVisualEffectGraphs":true,"m_FxEnabled":true},"in2DMode":false,"pivot":{"x":4.67986536026001,"y":0.8643865585327148,"z":-8.894131660461426},"rotation":{"x":0.17453981935977937,"y":-0.025989551097154619,"z":0.004608603660017252,"w":0.9842961430549622},"size":6.79872989654541,"orthographic":false}